code,title,level
11,"Agriculture, Forestry, Fishing and Hunting",sector
113000,Forestry and Logging,3-digit
113300,Logging,4-digit
115000,Support Activities for Agriculture and Forestry,3-digit
115100,Support Activities for Crop Production,4-digit
115200,Support Activities for Animal Production,4-digit
21,"Mining, Quarrying, and Oil and Gas Extraction",sector
211000,Oil and Gas Extraction,3-digit
211100,Oil and Gas Extraction,4-digit
212000,Mining (except Oil and Gas),3-digit
212100,Coal Mining,4-digit
212200,Metal Ore Mining,4-digit
212300,Nonmetallic Mineral Mining and Quarrying,4-digit
213000,Support Activities for Mining,3-digit
213100,Support Activities for Mining,4-digit
22,Utilities,sector
221000,Utilities,3-digit
221100,"Electric Power Generation, Transmission and Distribution",4-digit
221111,Hydroelectric Power Generation,6-digit
221112,Fossil Fuel Electric Power Generation,6-digit
221113,Nuclear Electric Power Generation,6-digit
221114,Solar Electric Power Generation,6-digit
221115,Wind Electric Power Generation,6-digit
221116,Geothermal Electric Power Generation,6-digit
221117,Biomass Electric Power Generation,6-digit
221118,Other Electric Power Generation,6-digit
221200,Natural Gas Distribution,4-digit
221300,"Water, Sewage and Other Systems",4-digit
23,Construction,sector
236000,Construction of Buildings,3-digit
236100,Residential Building Construction,4-digit
236200,Nonresidential Building Construction,4-digit
237000,Heavy and Civil Engineering Construction,3-digit
237100,Utility System Construction,4-digit
237130,Power and Communication Line and Related Structures Construction,5-digit
237200,Land Subdivision,4-digit
237300,"Highway, Street, and Bridge Construction",4-digit
237900,Other Heavy and Civil Engineering Construction,4-digit
238000,Specialty Trade Contractors,3-digit
238100,"Foundation, Structure, and Building Exterior Contractors",4-digit
238110,Poured Concrete Foundation and Structure Contractors,5-digit
238140,Masonry Contractors,5-digit
238160,Roofing Contractors,5-digit
238200,Building Equipment Contractors,4-digit
238210,Electrical Contractors and Other Wiring Installation Contractors,5-digit
238220,"Plumbing, Heating, and Air-Conditioning Contractors",5-digit
238290,Other Building Equipment Contractors,5-digit
238300,Building Finishing Contractors,4-digit
238310,Drywall and Insulation Contractors,5-digit
238320,Painting and Wall Covering Contractors,5-digit
238900,Other Specialty Trade Contractors,4-digit
31-33,Manufacturing,sector
311000,Food Manufacturing,3-digit
311100,Animal Food Manufacturing,4-digit
311200,Grain and Oilseed Milling,4-digit
311300,Sugar and Confectionery Product Manufacturing,4-digit
311400,Fruit and Vegetable Preserving and Specialty Food Manufacturing,4-digit
311500,Dairy Product Manufacturing,4-digit
311600,Animal Slaughtering and Processing,4-digit
311700,Seafood Product Preparation and Packaging,4-digit
311800,Bakeries and Tortilla Manufacturing,4-digit
311900,Other Food Manufacturing,4-digit
312000,Beverage and Tobacco Product Manufacturing,3-digit
312100,Beverage Manufacturing,4-digit
312200,Tobacco Manufacturing,4-digit
313000,Textile Mills,3-digit
313100,"Fiber, Yarn, and Thread Mills",4-digit
313200,Fabric Mills,4-digit
313300,Textile and Fabric Finishing and Fabric Coating Mills,4-digit
314000,Textile Product Mills,3-digit
314100,Textile Furnishings Mills,4-digit
314900,Other Textile Product Mills,4-digit
315000,Apparel Manufacturing,3-digit
315100,Apparel Knitting Mills,4-digit
315200,Cut and Sew Apparel Manufacturing,4-digit
315900,Apparel Accessories and Other Apparel Manufacturing,4-digit
316000,Leather and Allied Product Manufacturing,3-digit
316100,Leather and Hide Tanning and Finishing,4-digit
316200,Footwear Manufacturing,4-digit
316900,Other Leather and Allied Product Manufacturing,4-digit
321000,Wood Product Manufacturing,3-digit
321100,Sawmills and Wood Preservation,4-digit
321200,"Veneer, Plywood, and Engineered Wood Product Manufacturing",4-digit
321900,Other Wood Product Manufacturing,4-digit
322000,Paper Manufacturing,3-digit
322100,"Pulp, Paper, and Paperboard Mills",4-digit
322200,Converted Paper Product Manufacturing,4-digit
323000,Printing and Related Support Activities,3-digit
323100,Printing and Related Support Activities,4-digit
324000,Petroleum and Coal Products Manufacturing,3-digit
324100,Petroleum and Coal Products Manufacturing,4-digit
325000,Chemical Manufacturing,3-digit
3250A1,"Chemical Manufacturing (3251, 3252, 3253, and 3259 only)",4-digit
3250A2,Chemical Manufacturing (3255 and 3256 only),4-digit
325400,Pharmaceutical and Medicine Manufacturing,4-digit
326000,Plastics and Rubber Products Manufacturing,3-digit
326100,Plastics Product Manufacturing,4-digit
326200,Rubber Product Manufacturing,4-digit
327000,Nonmetallic Mineral Product Manufacturing,3-digit
331000,Primary Metal Manufacturing,3-digit
331100,Iron and Steel Mills and Ferroalloy Manufacturing,4-digit
331200,Steel Product Manufacturing from Purchased Steel,4-digit
331300,Alumina and Aluminum Production and Processing,4-digit
331400,Nonferrous Metal (except Aluminum) Production and Processing,4-digit
331500,Foundries,4-digit
332000,Fabricated Metal Product Manufacturing,3-digit
3320A1,"Fabricated Metal Product Manufacturing (3321, 3322, 3325, 3326, and 3329 only)",4-digit
3320A2,Fabricated Metal Product Manufacturing (3323 and 3324 only),4-digit
332700,"Machine Shops; Turned Product; and Screw, Nut, and Bolt Manufacturing",4-digit
332710,Machine Shops,5-digit
332720,"Turned Product and Screw, Nut, and Bolt Manufacturing",5-digit
332800,"Coating, Engraving, Heat Treating, and Allied Activities",4-digit
333000,Machinery Manufacturing,3-digit
3330A1,"Machinery Manufacturing (3331, 3332, 3334, and 3339 only)",4-digit
333300,Commercial and Service Industry Machinery Manufacturing,4-digit
333500,Metalworking Machinery Manufacturing,4-digit
333600,"Engine, Turbine, and Power Transmission Equipment Manufacturing",4-digit
334000,Computer and Electronic Product Manufacturing,3-digit
334100,Computer and Peripheral Equipment Manufacturing,4-digit
334200,Communications Equipment Manufacturing,4-digit
334300,Audio and Video Equipment Manufacturing,4-digit
334400,Semiconductor and Other Electronic Component Manufacturing,4-digit
334500,"Navigational, Measuring, Electromedical, and Control Instruments Manufacturing",4-digit
334600,Manufacturing and Reproducing Magnetic and Optical Media,4-digit
335000,"Electrical Equipment, Appliance, and Component Manufacturing",3-digit
335100,Electric Lighting Equipment Manufacturing,4-digit
335200,Household Appliance Manufacturing,4-digit
335300,Electrical Equipment Manufacturing,4-digit
335900,Other Electrical Equipment and Component Manufacturing,4-digit
336000,Transportation Equipment Manufacturing,3-digit
336100,Motor Vehicle Manufacturing,4-digit
336200,Motor Vehicle Body and Trailer Manufacturing,4-digit
336300,Motor Vehicle Parts Manufacturing,4-digit
336400,Aerospace Product and Parts Manufacturing,4-digit
336500,Railroad Rolling Stock Manufacturing,4-digit
336600,Ship and Boat Building,4-digit
336900,Other Transportation Equipment Manufacturing,4-digit
337000,Furniture and Related Product Manufacturing,3-digit
3370A1,Furniture and Related Product Manufacturing (3371 and 3372 only),4-digit
337900,Other Furniture Related Product Manufacturing,4-digit
339000,Miscellaneous Manufacturing,3-digit
339100,Medical Equipment and Supplies Manufacturing,4-digit
339900,Other Miscellaneous Manufacturing,4-digit
339910,Jewelry and Silverware Manufacturing,5-digit
42,Wholesale Trade,sector
423000,"Merchant Wholesalers, Durable Goods",3-digit
4230A1,"Merchant Wholesalers, Durable Goods (4232, 4233, 4235, 4236, 4237, and 4239 only)",4-digit
423100,Motor Vehicle and Motor Vehicle Parts and Supplies Merchant Wholesalers,4-digit
423400,Professional and Commercial Equipment and Supplies Merchant Wholesalers,4-digit
423800,"Machinery, Equipment, and Supplies Merchant Wholesalers",4-digit
423820,Farm and Garden Machinery and Equipment Merchant Wholesalers,5-digit
424000,"Merchant Wholesalers, Nondurable Goods",3-digit
4240A1,"Merchant Wholesalers, Nondurable Goods (4244 and 4248 only)",4-digit
4240A2,"Merchant Wholesalers, Nondurable Goods (4242 and 4246 only)",4-digit
4240A3,"Merchant Wholesalers, Nondurable Goods (4241, 4247, and 4249 only)",4-digit
424300,"Apparel, Piece Goods, and Notions Merchant Wholesalers",4-digit
424500,Farm Product Raw Material Merchant Wholesalers,4-digit
425000,Wholesale Trade Agents and Brokers,3-digit
425100,Wholesale Trade Agents and Brokers,4-digit
44-45,Retail Trade,sector
441000,Motor Vehicle and Parts Dealers,3-digit
441100,Automobile Dealers,4-digit
441200,Other Motor Vehicle Dealers,4-digit
441300,"Automotive Parts, Accessories, and Tire Retailers",4-digit
444000,Building Material and Garden Equipment and Supplies Dealers,3-digit
444100,Building Material and Supplies Dealers,4-digit
444200,Lawn and Garden Equipment and Supplies Retailers,4-digit
445000,Food and Beverage Retailers,3-digit
4450A1,Food and Beverage Retailers (4451 and 4452 only),4-digit
445300,"Beer, Wine, and Liquor Retailers",4-digit
449000,"Furniture, Home Furnishings, Electronics, and Appliance Retailers",3-digit
449100,Furniture and Home Furnishings Retailers,4-digit
449200,Electronics and Appliance Retailers,4-digit
455000,General Merchandise Retailers,3-digit
456000,Health and Personal Care Retailers,3-digit
456100,Health and Personal Care Retailers,4-digit
456110,Pharmacies and Drug Retailers,5-digit
457000,Gasoline Stations and Fuel Dealers,3-digit
457100,Gasoline Stations,4-digit
457200,Fuel Dealers,4-digit
458000,"Clothing, Clothing Accessories, Shoe, and Jewelry Retailers",3-digit
458100,Clothing and Clothing Accessories Retailers,4-digit
458200,Shoe Retailers,4-digit
458300,"Jewelry, Luggage, and Leather Goods Retailers",4-digit
459000,"Sporting Goods, Hobby, Musical Instrument, Book, and Miscellaneous Retailers",3-digit
4590A1,Miscellaneous Store Retailers (4594 and 4595 only),4-digit
459100,"Sporting Goods, Hobby, and Musical Instrument Retailers",4-digit
459110,Sporting Goods Retailers,5-digit
459200,Book Retailers and News Dealers,4-digit
459300,Florists,4-digit
459900,Other Miscellaneous Retailers,4-digit
48-49,Transportation and Warehousing,sector
481000,Air Transportation,3-digit
481100,Scheduled Air Transportation,4-digit
481200,Nonscheduled Air Transportation,4-digit
482000,Rail Transportation,3-digit
482100,Rail Transportation,4-digit
483000,Water Transportation,3-digit
483100,"Deep Sea, Coastal, and Great Lakes Water Transportation",4-digit
483200,Inland Water Transportation,4-digit
484000,Truck Transportation,3-digit
485000,Transit and Ground Passenger Transportation,3-digit
485100,Urban Transit Systems,4-digit
485200,Interurban and Rural Bus Transportation,4-digit
485300,Taxi and Limousine Service,4-digit
485400,School and Employee Bus Transportation,4-digit
485500,Charter Bus Industry,4-digit
485900,Other Transit and Ground Passenger Transportation,4-digit
486000,Pipeline Transportation,3-digit
486100,Pipeline Transportation of Crude Oil,4-digit
486200,Pipeline Transportation of Natural Gas,4-digit
486900,Other Pipeline Transportation,4-digit
487000,Scenic and Sightseeing Transportation,3-digit
487100,"Scenic and Sightseeing Transportation, Land",4-digit
487200,"Scenic and Sightseeing Transportation, Water",4-digit
487900,"Scenic and Sightseeing Transportation, Other",4-digit
488000,Support Activities for Transportation,3-digit
488100,Support Activities for Air Transportation,4-digit
488200,Support Activities for Rail Transportation,4-digit
488300,Support Activities for Water Transportation,4-digit
488400,Support Activities for Road Transportation,4-digit
488500,Freight Transportation Arrangement,4-digit
488900,Other Support Activities for Transportation,4-digit
491000,Postal Service (Federal Government),3-digit
491100,Postal Service (Federal Government),4-digit
492000,Couriers and Messengers,3-digit
492100,Couriers and Express Delivery Services,4-digit
492200,Local Messengers and Local Delivery,4-digit
493000,Warehousing and Storage,3-digit
493100,Warehousing and Storage,4-digit
51,Information,sector
512000,Motion Picture and Sound Recording Industries,3-digit
512100,Motion Picture and Video Industries,4-digit
512130,Motion Picture and Video Exhibition,5-digit
512200,Sound Recording Industries,4-digit
513000,Publishing Industries,3-digit
513100,"Newspaper, Periodical, Book, and Directory Publishers",4-digit
513110,Newspaper Publishers,5-digit
513200,Software Publishers,4-digit
516000,Broadcasting and Content Providers,3-digit
516100,Radio and Television Broadcasting Stations,4-digit
516110,Radio Broadcasting Stations,5-digit
516120,Television Broadcasting Stations,5-digit
516200,"Media Streaming Distribution Services, Social Networks, and Other Media Networks and Content Providers",4-digit
517000,Telecommunications,3-digit
518000,"Computing Infrastructure Providers, Data Processing, Web Hosting, and Related Services",3-digit
518200,"Computing Infrastructure Providers, Data Processing, Web Hosting, and Related Services",4-digit
519000,"Web Search Portals, Libraries, Archives, and Other Information Services",3-digit
519200,"Web Search Portals, Libraries, Archives, and Other Information Services",4-digit
52,Finance and Insurance,sector
521000,Monetary Authorities-Central Bank,3-digit
521100,Monetary Authorities-Central Bank,4-digit
522000,Credit Intermediation and Related Activities,3-digit
5220A1,Credit Intermediation and Related Activities (5221 and 5223 only),4-digit
522200,Nondepository Credit Intermediation,4-digit
522290,Other Nondepository Credit Intermediation,5-digit
523000,"Securities, Commodity Contracts, and Other Financial Investments and Related Activities",3-digit
524000,Insurance Carriers and Related Activities,3-digit
524100,Insurance Carriers,4-digit
524114,Direct Health and Medical Insurance Carriers,6-digit
524120,"Direct Insurance (except Life, Health, and Medical) Carriers",5-digit
524200,"Agencies, Brokerages, and Other Insurance Related Activities",4-digit
524210,Insurance Agencies and Brokerages,5-digit
524290,Other Insurance Related Activities,5-digit
525000,"Funds, Trusts, and Other Financial Vehicles",3-digit
525100,Insurance and Employee Benefit Funds,4-digit
525900,Other Investment Pools and Funds,4-digit
53,Real Estate and Rental and Leasing,sector
531000,Real Estate,3-digit
532000,Rental and Leasing Services,3-digit
5320A1,"Rental and Leasing Services (5322, 5323, and 5324 only)",4-digit
532100,Automotive Equipment Rental and Leasing,4-digit
533000,Lessors of Nonfinancial Intangible Assets (except Copyrighted Works),3-digit
533100,Lessors of Nonfinancial Intangible Assets (except Copyrighted Works),4-digit
54,"Professional, Scientific, and Technical Services",sector
541000,"Professional, Scientific, and Technical Services",3-digit
541100,Legal Services,4-digit
541200,"Accounting, Tax Preparation, Bookkeeping, and Payroll Services",4-digit
541300,"Architectural, Engineering, and Related Services",4-digit
541330,Engineering Services,5-digit
541380,Testing Laboratories and Services,5-digit
541400,Specialized Design Services,4-digit
541500,Computer Systems Design and Related Services,4-digit
541600,"Management, Scientific, and Technical Consulting Services",4-digit
541700,Scientific Research and Development Services,4-digit
541710,"Research and Development in the Physical, Engineering, and Life Sciences",5-digit
541720,Research and Development in the Social Sciences and Humanities,5-digit
541800,"Advertising, Public Relations, and Related Services",4-digit
541900,"Other Professional, Scientific, and Technical Services",4-digit
541920,Photographic Services,5-digit
541940,Veterinary Services,5-digit
55,Management of Companies and Enterprises,sector
551000,Management of Companies and Enterprises,3-digit
551100,Management of Companies and Enterprises,4-digit
56,Administrative and Support and Waste Management and Remediation Services,sector
561000,Administrative and Support Services,3-digit
561100,Office Administrative Services,4-digit
561200,Facilities Support Services,4-digit
561300,Employment Services,4-digit
561320,Temporary Help Services,5-digit
561400,Business Support Services,4-digit
561500,Travel Arrangement and Reservation Services,4-digit
561600,Investigation and Security Services,4-digit
561610,"Investigation, Guard, and Armored Car Services",5-digit
561620,Security Systems Services,5-digit
561700,Services to Buildings and Dwellings,4-digit
561710,Exterminating and Pest Control Services,5-digit
561730,Landscaping Services,5-digit
561900,Other Support Services,4-digit
562000,Waste Management and Remediation Services,3-digit
562100,Waste Collection,4-digit
562200,Waste Treatment and Disposal,4-digit
562900,Remediation and Other Waste Management Services,4-digit
61,Educational Services,sector
611000,Educational Services,3-digit
611100,Elementary and Secondary Schools,4-digit
611200,Junior Colleges,4-digit
611300,"Colleges, Universities, and Professional Schools",4-digit
611400,Business Schools and Computer and Management Training,4-digit
611500,Technical and Trade Schools,4-digit
611600,Other Schools and Instruction,4-digit
611700,Educational Support Services,4-digit
62,Health Care and Social Assistance,sector
621000,Ambulatory Health Care Services,3-digit
621100,Offices of Physicians,4-digit
621200,Offices of Dentists,4-digit
621300,Offices of Other Health Practitioners,4-digit
621310,Offices of Chiropractors,5-digit
621320,Offices of Optometrists,5-digit
621330,Offices of Mental Health Practitioners (except Physicians),5-digit
621340,"Offices of Physical, Occupational and Speech Therapists, and Audiologists",5-digit
621390,Offices of All Other Health Practitioners,5-digit
621400,Outpatient Care Centers,4-digit
621420,Outpatient Mental Health and Substance Abuse Centers,5-digit
621500,Medical and Diagnostic Laboratories,4-digit
621600,Home Health Care Services,4-digit
621900,Other Ambulatory Health Care Services,4-digit
621910,Ambulance Services,5-digit
621990,All Other Ambulatory Health Care Services,5-digit
622000,Hospitals,3-digit
622100,General Medical and Surgical Hospitals,4-digit
622200,Psychiatric and Substance Abuse Hospitals,4-digit
622300,Specialty (except Psychiatric and Substance Abuse) Hospitals,4-digit
623000,Nursing and Residential Care Facilities,3-digit
623100,Nursing Care Facilities (Skilled Nursing Facilities),4-digit
623200,"Residential Intellectual and Developmental Disability, Mental Health, and Substance Abuse Facilities",4-digit
623210,Residential Intellectual and Developmental Disability Facilities,5-digit
623220,Residential Mental Health and Substance Abuse Facilities,5-digit
623300,Continuing Care Retirement Communities and Assisted Living Facilities for the Elderly,4-digit
623900,Other Residential Care Facilities,4-digit
624000,Social Assistance,3-digit
624100,Individual and Family Services,4-digit
624120,Services for the Elderly and Persons with Disabilities,5-digit
624200,"Community Food and Housing, and Emergency and Other Relief Services",4-digit
624300,Vocational Rehabilitation Services,4-digit
624400,Child Care Services,4-digit
71,"Arts, Entertainment, and Recreation",sector
711000,"Performing Arts, Spectator Sports, and Related Industries",3-digit
711100,Performing Arts Companies,4-digit
711110,Theater Companies and Dinner Theaters,5-digit
711200,Spectator Sports,4-digit
711300,"Promoters of Performing Arts, Sports, and Similar Events",4-digit
711400,"Agents and Managers for Artists, Athletes, Entertainers, and Other Public Figures",4-digit
711500,"Independent Artists, Writers, and Performers",4-digit
712000,"Museums, Historical Sites, and Similar Institutions",3-digit
712100,"Museums, Historical Sites, and Similar Institutions",4-digit
713000,"Amusement, Gambling, and Recreation Industries",3-digit
713100,Amusement Parks and Arcades,4-digit
713200,Gambling Industries,4-digit
713900,Other Amusement and Recreation Industries,4-digit
713940,Fitness and Recreational Sports Centers,5-digit
72,Accommodation and Food Services,sector
721000,Accommodation,3-digit
721100,Traveler Accommodation,4-digit
721120,Casino Hotels,5-digit
721200,RV (Recreational Vehicle) Parks and Recreational Camps,4-digit
721300,"Rooming and Boarding Houses, Dormitories, and Workers' Camps",4-digit
722000,Food Services and Drinking Places,3-digit
722300,Special Food Services,4-digit
722400,Drinking Places (Alcoholic Beverages),4-digit
722500,Restaurants and Other Eating Places,4-digit
722511,Full-Service Restaurants,6-digit
81,Other Services (except Public Administration),sector
811000,Repair and Maintenance,3-digit
811100,Automotive Repair and Maintenance,4-digit
811110,Automotive Mechanical and Electrical Repair and Maintenance,5-digit
811120,"Automotive Body, Paint, Interior, and Glass Repair",5-digit
811190,Other Automotive Repair and Maintenance,5-digit
811200,Electronic and Precision Equipment Repair and Maintenance,4-digit
811300,Commercial and Industrial Machinery and Equipment (except Automotive and Electronic) Repair and Maintenance,4-digit
811400,Personal and Household Goods Repair and Maintenance,4-digit
812000,Personal and Laundry Services,3-digit
812100,Personal Care Services,4-digit
812200,Death Care Services,4-digit
812300,Drycleaning and Laundry Services,4-digit
812900,Other Personal Services,4-digit
813000,"Religious, Grantmaking, Civic, Professional, and Similar Organizations",3-digit
813100,Religious Organizations,4-digit
813200,Grantmaking and Giving Services,4-digit
813300,Social Advocacy Organizations,4-digit
813400,Civic and Social Organizations,4-digit
813900,"Business, Professional, Labor, Political, and Similar Organizations",4-digit
813930,Labor Unions and Similar Labor Organizations,5-digit
99,"Federal, State, and Local Government, excluding State and Local Government Schools and Hospitals and the U.S. Postal Service (OEWS Designation)",sector
999000,"Federal, State, and Local Government, excluding State and Local Government Schools and Hospitals and the U.S. Postal Service (OEWS Designation)",3-digit
999100,Federal Executive Branch (OEWS Designation),4-digit
999200,"State Government, excluding Schools and Hospitals (OEWS Designation)",4-digit
999300,"Local Government, excluding Schools and Hospitals (OEWS Designation)",4-digit
